{"cameraMode":{"drawMode":0,"name":"Shaded","section":"Shading Mode"},"sceneLighting":true,"audioPlay":false,"sceneViewState":{"m_AlwaysRefresh":false,"showFog":true,"showSkybox":true,"showFlares":true,"showImageEffects":true,"showParticleSystems":true,"showVisualEffectGraphs":true,"m_FxEnabled":true},"in2DMode":false,"pivot":{"x":0.46888378262519839,"y":0.10993281751871109,"z":0.010839405469596386},"rotation":{"x":-0.04978041350841522,"y":0.018572872504591943,"z":-0.0009258766076527536,"w":-0.9985875487327576},"size":0.8086773753166199,"orthographic":true}