{"cameraMode":{"drawMode":0,"name":"Shaded","section":"Shading Mode"},"sceneLighting":true,"audioPlay":false,"sceneViewState":{"m_AlwaysRefresh":false,"showFog":true,"showSkybox":true,"showFlares":true,"showImageEffects":true,"showParticleSystems":true,"showVisualEffectGraphs":true,"m_FxEnabled":true},"in2DMode":false,"pivot":{"x":0.2247944325208664,"y":-0.5181750059127808,"z":-2.3510382175445558},"rotation":{"x":-0.044928908348083499,"y":0.5241686105728149,"z":-0.027706867083907129,"w":-0.8499783277511597},"size":2.1404733657836916,"orthographic":true}