{"cameraMode":{"drawMode":0,"name":"Shaded","section":"Shading Mode"},"sceneLighting":false,"audioPlay":false,"sceneViewState":{"m_AlwaysRefresh":false,"showFog":true,"showSkybox":false,"showFlares":true,"showImageEffects":true,"showParticleSystems":true,"showVisualEffectGraphs":true,"m_FxEnabled":true},"in2DMode":false,"pivot":{"x":-0.5794641375541687,"y":0.5806653499603272,"z":0.005591019056737423},"rotation":{"x":0.043181389570236209,"y":-0.11811118572950363,"z":0.005141069646924734,"w":0.9920477271080017},"size":1.688244342803955,"orthographic":true}